id,fathers_occupation,sons_occupation,family_structure,race,counts_for_sons_first_occupation,counts_for_sons_current_occupation
1,Professional_Self-Employed,Professional_Self-Employed,intact,white,22.9,31.3
2,Professional_Self-Employed,Professional-Salaried,intact,white,96.2,86.6
3,Professional_Self-Employed,Manager,intact,white,18.1,47.2
4,Professional_Self-Employed,Salesman-Nonretail,intact,white,8.9,15.4
5,Professional_Self-Employed,Proprietor,intact,white,2.8,8.1
6,Professional_Self-Employed,Clerk,intact,white,22.4,11.3
7,Professional_Self-Employed,Salesman-Retail,intact,white,5.7,5.3
8,Professional_Self-Employed,Craftsman-Manufacturing,intact,white,7.6,6.1
9,Professional_Self-Employed,Craftsmen-Other,intact,white,6.6,12.1
10,Professional_Self-Employed,Craftsman-Construction,intact,white,6.8,7.5
11,Professional_Self-Employed,Service_Worker,intact,white,3.9,8.3
12,Professional_Self-Employed,Operative-Nonmanufacturing,intact,white,9.6,8.1
13,Professional_Self-Employed,Operative-Manufacturing,intact,white,8,2.3
14,Professional_Self-Employed,Laborer-Manufacturing,intact,white,2.4,2.6
15,Professional_Self-Employed,Laborer-Nonmanufacturing,intact,white,5.9,3.6
16,Professional_Self-Employed,Farmer/Farm_Manager,intact,white,1.4,1.4
17,Professional_Self-Employed,Farm_Laborer,intact,white,0,0.8
18,Professional-Salaried,Professional_Self-Employed,intact,white,7.3,35.5
19,Professional-Salaried,Professional-Salaried,intact,white,338.6,344.1
20,Professional-Salaried,Manager,intact,white,54.5,149.7
21,Professional-Salaried,Salesman-Nonretail,intact,white,36.2,42
22,Professional-Salaried,Proprietor,intact,white,8.4,12
23,Professional-Salaried,Clerk,intact,white,96.6,70.5
24,Professional-Salaried,Salesman-Retail,intact,white,33.1,28.6
25,Professional-Salaried,Craftsman-Manufacturing,intact,white,26.8,46.8
26,Professional-Salaried,Craftsmen-Other,intact,white,54.7,65.5
27,Professional-Salaried,Craftsman-Construction,intact,white,13.1,31
28,Professional-Salaried,Service_Worker,intact,white,24.8,49.7
29,Professional-Salaried,Operative-Nonmanufacturing,intact,white,48.4,45.1
30,Professional-Salaried,Operative-Manufacturing,intact,white,62.3,50.7
31,Professional-Salaried,Laborer-Manufacturing,intact,white,15.2,8.2
32,Professional-Salaried,Laborer-Nonmanufacturing,intact,white,23.4,20.7
33,Professional-Salaried,Farmer/Farm_Manager,intact,white,3.3,7.7
34,Professional-Salaried,Farm_Laborer,intact,white,11.1,2.4
35,Manager,Professional_Self-Employed,intact,white,12.8,41.1
36,Manager,Professional-Salaried,intact,white,293.2,275
37,Manager,Manager,intact,white,112.8,290.9
38,Manager,Salesman-Nonretail,intact,white,82,92.3
39,Manager,Proprietor,intact,white,4.4,34.1
40,Manager,Clerk,intact,white,128.1,68.3
41,Manager,Salesman-Retail,intact,white,59,50.7
42,Manager,Craftsman-Manufacturing,intact,white,35.4,49.2
43,Manager,Craftsmen-Other,intact,white,49.8,71.9
44,Manager,Craftsman-Construction,intact,white,28.5,31.7
45,Manager,Service_Worker,intact,white,28.6,62.5
46,Manager,Operative-Nonmanufacturing,intact,white,72.9,59
47,Manager,Operative-Manufacturing,intact,white,82.9,46.7
48,Manager,Laborer-Manufacturing,intact,white,13,7.9
49,Manager,Laborer-Nonmanufacturing,intact,white,52.8,31.7
50,Manager,Farmer/Farm_Manager,intact,white,5.4,4.5
51,Manager,Farm_Laborer,intact,white,5.2,5.1
52,Salesman-Nonretail,Professional_Self-Employed,intact,white,6.5,17.4
53,Salesman-Nonretail,Professional-Salaried,intact,white,114,104.8
54,Salesman-Nonretail,Manager,intact,white,29.1,95.3
55,Salesman-Nonretail,Salesman-Nonretail,intact,white,40.5,60.8
56,Salesman-Nonretail,Proprietor,intact,white,1.7,10
57,Salesman-Nonretail,Clerk,intact,white,67.9,36.4
58,Salesman-Nonretail,Salesman-Retail,intact,white,26.3,18.8
59,Salesman-Nonretail,Craftsman-Manufacturing,intact,white,12.4,19.6
60,Salesman-Nonretail,Craftsmen-Other,intact,white,23.1,27.6
61,Salesman-Nonretail,Craftsman-Construction,intact,white,6.1,11.9
62,Salesman-Nonretail,Service_Worker,intact,white,9.5,29.9
63,Salesman-Nonretail,Operative-Nonmanufacturing,intact,white,26.7,22.3
64,Salesman-Nonretail,Operative-Manufacturing,intact,white,30.2,21.5
65,Salesman-Nonretail,Laborer-Manufacturing,intact,white,4.7,3.3
66,Salesman-Nonretail,Laborer-Nonmanufacturing,intact,white,18.9,12.8
67,Salesman-Nonretail,Farmer/Farm_Manager,intact,white,1.3,0.8
68,Salesman-Nonretail,Farm_Laborer,intact,white,4,2.6
69,Proprietor,Professional_Self-Employed,intact,white,16.2,27
70,Proprietor,Professional-Salaried,intact,white,165.7,150.6
71,Proprietor,Manager,intact,white,58.4,187.3
72,Proprietor,Salesman-Nonretail,intact,white,46,73.2
73,Proprietor,Proprietor,intact,white,29.1,74.9
74,Proprietor,Clerk,intact,white,97.1,53.3
75,Proprietor,Salesman-Retail,intact,white,76.1,28.3
76,Proprietor,Craftsman-Manufacturing,intact,white,29,51
77,Proprietor,Craftsmen-Other,intact,white,41.6,52.7
78,Proprietor,Craftsman-Construction,intact,white,30.8,46.7
79,Proprietor,Service_Worker,intact,white,23.6,31.2
80,Proprietor,Operative-Nonmanufacturing,intact,white,59.7,50.3
81,Proprietor,Operative-Manufacturing,intact,white,79.5,52
82,Proprietor,Laborer-Manufacturing,intact,white,19.1,8.7
83,Proprietor,Laborer-Nonmanufacturing,intact,white,54.5,22
84,Proprietor,Farmer/Farm_Manager,intact,white,11,10.6
85,Proprietor,Farm_Laborer,intact,white,11.5,4.9
86,Clerk,Professional_Self-Employed,intact,white,1.9,9.9
87,Clerk,Professional-Salaried,intact,white,154.3,153.1
88,Clerk,Manager,intact,white,32.7,110.9
89,Clerk,Salesman-Nonretail,intact,white,22.2,29.9
90,Clerk,Proprietor,intact,white,4.1,14.1
91,Clerk,Clerk,intact,white,110.3,64.4
92,Clerk,Salesman-Retail,intact,white,27.3,14.1
93,Clerk,Craftsman-Manufacturing,intact,white,16.6,38.7
94,Clerk,Craftsmen-Other,intact,white,36.9,35.3
95,Clerk,Craftsman-Construction,intact,white,9.8,27.6
96,Clerk,Service_Worker,intact,white,15.1,36.7
97,Clerk,Operative-Nonmanufacturing,intact,white,52,40.2
98,Clerk,Operative-Manufacturing,intact,white,63.2,47.6
99,Clerk,Laborer-Manufacturing,intact,white,19.6,10.2
100,Clerk,Laborer-Nonmanufacturing,intact,white,27.8,24.6
101,Clerk,Farmer/Farm_Manager,intact,white,2.3,3.2
102,Clerk,Farm_Laborer,intact,white,8.9,3.6
103,Salesman-Retail,Professional_Self-Employed,intact,white,4.7,18.3
104,Salesman-Retail,Professional-Salaried,intact,white,60,45.6
105,Salesman-Retail,Manager,intact,white,16.4,57.1
106,Salesman-Retail,Salesman-Nonretail,intact,white,17.3,31.9
107,Salesman-Retail,Proprietor,intact,white,2.3,22.7
108,Salesman-Retail,Clerk,intact,white,44.2,28.9
109,Salesman-Retail,Salesman-Retail,intact,white,38.1,15.3
110,Salesman-Retail,Craftsman-Manufacturing,intact,white,10.3,17.7
111,Salesman-Retail,Craftsmen-Other,intact,white,16.7,27.7
112,Salesman-Retail,Craftsman-Construction,intact,white,5.9,11.7
113,Salesman-Retail,Service_Worker,intact,white,7.4,14.7
114,Salesman-Retail,Operative-Nonmanufacturing,intact,white,34.7,18
115,Salesman-Retail,Operative-Manufacturing,intact,white,35.5,22.8
116,Salesman-Retail,Laborer-Manufacturing,intact,white,9.8,4.6
117,Salesman-Retail,Laborer-Nonmanufacturing,intact,white,10.5,9.5
118,Salesman-Retail,Farmer/Farm_Manager,intact,white,2.9,2
119,Salesman-Retail,Farm_Laborer,intact,white,3.1,0
120,Craftsman-Manufacturing,Professional_Self-Employed,intact,white,7.3,13.7
121,Craftsman-Manufacturing,Professional-Salaried,intact,white,193.8,222
122,Craftsman-Manufacturing,Manager,intact,white,46.6,148.9
123,Craftsman-Manufacturing,Salesman-Nonretail,intact,white,31.4,64.4
124,Craftsman-Manufacturing,Proprietor,intact,white,2.3,34
125,Craftsman-Manufacturing,Clerk,intact,white,157.7,97.9
126,Craftsman-Manufacturing,Salesman-Retail,intact,white,46.4,28.4
127,Craftsman-Manufacturing,Craftsman-Manufacturing,intact,white,138.3,185.8
128,Craftsman-Manufacturing,Craftsmen-Other,intact,white,61.3,118.3
129,Craftsman-Manufacturing,Craftsman-Construction,intact,white,25.8,53.3
130,Craftsman-Manufacturing,Service_Worker,intact,white,50.7,61.6
131,Craftsman-Manufacturing,Operative-Nonmanufacturing,intact,white,91.9,84.1
132,Craftsman-Manufacturing,Operative-Manufacturing,intact,white,236.9,172
133,Craftsman-Manufacturing,Laborer-Manufacturing,intact,white,72.8,20.7
134,Craftsman-Manufacturing,Laborer-Nonmanufacturing,intact,white,66.1,38.9
135,Craftsman-Manufacturing,Farmer/Farm_Manager,intact,white,7.3,6.2
136,Craftsman-Manufacturing,Farm_Laborer,intact,white,11.9,3.1
137,Craftsmen-Other,Professional_Self-Employed,intact,white,6.4,10.9
138,Craftsmen-Other,Professional-Salaried,intact,white,194.2,208.3
139,Craftsmen-Other,Manager,intact,white,46.6,165.1
140,Craftsmen-Other,Salesman-Nonretail,intact,white,33.2,57.1
141,Craftsmen-Other,Proprietor,intact,white,2.7,40.1
142,Craftsmen-Other,Clerk,intact,white,152.6,103.7
143,Craftsmen-Other,Salesman-Retail,intact,white,48.5,33.8
144,Craftsmen-Other,Craftsman-Manufacturing,intact,white,58.2,121.4
145,Craftsmen-Other,Craftsmen-Other,intact,white,180.7,179.9
146,Craftsmen-Other,Craftsman-Construction,intact,white,45.6,64.8
147,Craftsmen-Other,Service_Worker,intact,white,43.5,82.6
148,Craftsmen-Other,Operative-Nonmanufacturing,intact,white,163.7,110.5
149,Craftsmen-Other,Operative-Manufacturing,intact,white,148.3,131.2
150,Craftsmen-Other,Laborer-Manufacturing,intact,white,35,22.1
151,Craftsmen-Other,Laborer-Nonmanufacturing,intact,white,99.5,46.7
152,Craftsmen-Other,Farmer/Farm_Manager,intact,white,5.9,11.3
153,Craftsmen-Other,Farm_Laborer,intact,white,26.9,3.8
154,Craftsman-Construction,Professional_Self-Employed,intact,white,5.8,8.9
155,Craftsman-Construction,Professional-Salaried,intact,white,120.3,127.4
156,Craftsman-Construction,Manager,intact,white,26.7,134.1
157,Craftsman-Construction,Salesman-Nonretail,intact,white,18.2,33.7
158,Craftsman-Construction,Proprietor,intact,white,5.1,49.9
159,Craftsman-Construction,Clerk,intact,white,112.9,66.3
160,Craftsman-Construction,Salesman-Retail,intact,white,47,21.7
161,Craftsman-Construction,Craftsman-Manufacturing,intact,white,45.7,75.8
162,Craftsman-Construction,Craftsmen-Other,intact,white,62.6,104.5
163,Craftsman-Construction,Craftsman-Construction,intact,white,154.3,179.4
164,Craftsman-Construction,Service_Worker,intact,white,33.5,56.6
165,Craftsman-Construction,Operative-Nonmanufacturing,intact,white,115.6,81
166,Craftsman-Construction,Operative-Manufacturing,intact,white,131.8,109.3
167,Craftsman-Construction,Laborer-Manufacturing,intact,white,33.8,8.9
168,Craftsman-Construction,Laborer-Nonmanufacturing,intact,white,106.5,51.1
169,Craftsman-Construction,Farmer/Farm_Manager,intact,white,4.2,8.8
170,Craftsman-Construction,Farm_Laborer,intact,white,33.1,12.8
171,Service_Worker,Professional_Self-Employed,intact,white,3.3,10.6
172,Service_Worker,Professional-Salaried,intact,white,72.7,90.6
173,Service_Worker,Manager,intact,white,30,70.5
174,Service_Worker,Salesman-Nonretail,intact,white,17.7,24.7
175,Service_Worker,Proprietor,intact,white,1.7,20.8
176,Service_Worker,Clerk,intact,white,96.9,64.4
177,Service_Worker,Salesman-Retail,intact,white,28.2,18.8
178,Service_Worker,Craftsman-Manufacturing,intact,white,33.7,46.9
179,Service_Worker,Craftsmen-Other,intact,white,31.7,57.8
180,Service_Worker,Craftsman-Construction,intact,white,14.8,35.2
181,Service_Worker,Service_Worker,intact,white,44.1,61.6
182,Service_Worker,Operative-Nonmanufacturing,intact,white,55.9,48.2
183,Service_Worker,Operative-Manufacturing,intact,white,81.5,60.2
184,Service_Worker,Laborer-Manufacturing,intact,white,20.9,8.9
185,Service_Worker,Laborer-Nonmanufacturing,intact,white,36.6,23
186,Service_Worker,Farmer/Farm_Manager,intact,white,4.5,1.3
187,Service_Worker,Farm_Laborer,intact,white,8.6,1
188,Operative-Nonmanufacturing,Professional_Self-Employed,intact,white,3.8,5.8
189,Operative-Nonmanufacturing,Professional-Salaried,intact,white,117,143.7
190,Operative-Nonmanufacturing,Manager,intact,white,23.3,134.2
191,Operative-Nonmanufacturing,Salesman-Nonretail,intact,white,15.5,40.4
192,Operative-Nonmanufacturing,Proprietor,intact,white,5.4,35.9
193,Operative-Nonmanufacturing,Clerk,intact,white,149.3,113.4
194,Operative-Nonmanufacturing,Salesman-Retail,intact,white,58,27.3
195,Operative-Nonmanufacturing,Craftsman-Manufacturing,intact,white,42.9,122.7
196,Operative-Nonmanufacturing,Craftsmen-Other,intact,white,84.8,146.5
197,Operative-Nonmanufacturing,Craftsman-Construction,intact,white,41.1,76.5
198,Operative-Nonmanufacturing,Service_Worker,intact,white,51.6,80.1
199,Operative-Nonmanufacturing,Operative-Nonmanufacturing,intact,white,307.9,198
200,Operative-Nonmanufacturing,Operative-Manufacturing,intact,white,195.6,164.3
201,Operative-Nonmanufacturing,Laborer-Manufacturing,intact,white,54,24.1
202,Operative-Nonmanufacturing,Laborer-Nonmanufacturing,intact,white,117.2,68.8
203,Operative-Nonmanufacturing,Farmer/Farm_Manager,intact,white,8.7,10.3
204,Operative-Nonmanufacturing,Farm_Laborer,intact,white,44.5,10.5
205,Operative-Manufacturing,Professional_Self-Employed,intact,white,7.9,12.9
206,Operative-Manufacturing,Professional-Salaried,intact,white,127.9,173.7
207,Operative-Manufacturing,Manager,intact,white,26.6,132.2
208,Operative-Manufacturing,Salesman-Nonretail,intact,white,19.9,37.7
209,Operative-Manufacturing,Proprietor,intact,white,0.5,36.3
210,Operative-Manufacturing,Clerk,intact,white,147.2,104.9
211,Operative-Manufacturing,Salesman-Retail,intact,white,64,27.6
212,Operative-Manufacturing,Craftsman-Manufacturing,intact,white,87.4,183.8
213,Operative-Manufacturing,Craftsmen-Other,intact,white,74.2,116.1
214,Operative-Manufacturing,Craftsman-Construction,intact,white,25.5,68.7
215,Operative-Manufacturing,Service_Worker,intact,white,57.1,87.3
216,Operative-Manufacturing,Operative-Nonmanufacturing,intact,white,124,109
217,Operative-Manufacturing,Operative-Manufacturing,intact,white,427.4,295.6
218,Operative-Manufacturing,Laborer-Manufacturing,intact,white,88.7,38.1
219,Operative-Manufacturing,Laborer-Nonmanufacturing,intact,white,81.9,36.9
220,Operative-Manufacturing,Farmer/Farm_Manager,intact,white,6.8,7.5
221,Operative-Manufacturing,Farm_Laborer,intact,white,29.9,3.7
222,Laborer-Manufacturing,Professional_Self-Employed,intact,white,2.3,4.7
223,Laborer-Manufacturing,Professional-Salaried,intact,white,24.4,26.3
224,Laborer-Manufacturing,Manager,intact,white,3.1,34.2
225,Laborer-Manufacturing,Salesman-Nonretail,intact,white,3,10.4
226,Laborer-Manufacturing,Proprietor,intact,white,0,10.3
227,Laborer-Manufacturing,Clerk,intact,white,27.9,19.6
228,Laborer-Manufacturing,Salesman-Retail,intact,white,9.5,7.3
229,Laborer-Manufacturing,Craftsman-Manufacturing,intact,white,24.8,44.6
230,Laborer-Manufacturing,Craftsmen-Other,intact,white,19.2,30.1
231,Laborer-Manufacturing,Craftsman-Construction,intact,white,10,30.1
232,Laborer-Manufacturing,Service_Worker,intact,white,9,12.5
233,Laborer-Manufacturing,Operative-Nonmanufacturing,intact,white,40.8,35.4
234,Laborer-Manufacturing,Operative-Manufacturing,intact,white,69.9,70.1
235,Laborer-Manufacturing,Laborer-Manufacturing,intact,white,69.6,20.7
236,Laborer-Manufacturing,Laborer-Nonmanufacturing,intact,white,23.9,11.3
237,Laborer-Manufacturing,Farmer/Farm_Manager,intact,white,0.7,2.7
238,Laborer-Manufacturing,Farm_Laborer,intact,white,17.7,2.3
239,Laborer-Nonmanufacturing,Professional_Self-Employed,intact,white,3.8,5.6
240,Laborer-Nonmanufacturing,Professional-Salaried,intact,white,41.8,43.2
241,Laborer-Nonmanufacturing,Manager,intact,white,11.1,61.6
242,Laborer-Nonmanufacturing,Salesman-Nonretail,intact,white,7.1,15.1
243,Laborer-Nonmanufacturing,Proprietor,intact,white,4,18.2
244,Laborer-Nonmanufacturing,Clerk,intact,white,64.4,35.1
245,Laborer-Nonmanufacturing,Salesman-Retail,intact,white,20.3,10.3
246,Laborer-Nonmanufacturing,Craftsman-Manufacturing,intact,white,26.1,56.1
247,Laborer-Nonmanufacturing,Craftsmen-Other,intact,white,34.9,56.4
248,Laborer-Nonmanufacturing,Craftsman-Construction,intact,white,25.5,48.4
249,Laborer-Nonmanufacturing,Service_Worker,intact,white,25.5,50.9
250,Laborer-Nonmanufacturing,Operative-Nonmanufacturing,intact,white,71.4,61.2
251,Laborer-Nonmanufacturing,Operative-Manufacturing,intact,white,92.4,93.8
252,Laborer-Nonmanufacturing,Laborer-Manufacturing,intact,white,31.4,12.2
253,Laborer-Nonmanufacturing,Laborer-Nonmanufacturing,intact,white,89,50
254,Laborer-Nonmanufacturing,Farmer/Farm_Manager,intact,white,5.2,2.5
255,Laborer-Nonmanufacturing,Farm_Laborer,intact,white,30.6,3.7
256,Farmer/Farm_Manager,Professional_Self-Employed,intact,white,11.6,22.6
257,Farmer/Farm_Manager,Professional-Salaried,intact,white,210.8,223.3
258,Farmer/Farm_Manager,Manager,intact,white,50.1,271.1
259,Farmer/Farm_Manager,Salesman-Nonretail,intact,white,29.3,69.1
260,Farmer/Farm_Manager,Proprietor,intact,white,8.9,104.6
261,Farmer/Farm_Manager,Clerk,intact,white,157.1,120.3
262,Farmer/Farm_Manager,Salesman-Retail,intact,white,81.6,58.2
263,Farmer/Farm_Manager,Craftsman-Manufacturing,intact,white,69.7,213.5
264,Farmer/Farm_Manager,Craftsmen-Other,intact,white,118.1,251.4
265,Farmer/Farm_Manager,Craftsman-Construction,intact,white,94.2,211.3
266,Farmer/Farm_Manager,Service_Worker,intact,white,62.5,146.2
267,Farmer/Farm_Manager,Operative-Nonmanufacturing,intact,white,250.1,238.9
268,Farmer/Farm_Manager,Operative-Manufacturing,intact,white,294.7,341.8
269,Farmer/Farm_Manager,Laborer-Manufacturing,intact,white,89.1,58.3
270,Farmer/Farm_Manager,Laborer-Nonmanufacturing,intact,white,167.6,121.5
271,Farmer/Farm_Manager,Farmer/Farm_Manager,intact,white,377.7,414
272,Farmer/Farm_Manager,Farm_Laborer,intact,white,746.3,103.1
273,Farm_Laborer,Professional_Self-Employed,intact,white,1.5,3.1
274,Farm_Laborer,Professional-Salaried,intact,white,23.6,30.7
275,Farm_Laborer,Manager,intact,white,7.3,35.9
276,Farm_Laborer,Salesman-Nonretail,intact,white,3.2,11.7
277,Farm_Laborer,Proprietor,intact,white,1.5,16.8
278,Farm_Laborer,Clerk,intact,white,27.3,33.2
279,Farm_Laborer,Salesman-Retail,intact,white,16.5,13.4
280,Farm_Laborer,Craftsman-Manufacturing,intact,white,17.4,65.6
281,Farm_Laborer,Craftsmen-Other,intact,white,28.2,58.3
282,Farm_Laborer,Craftsman-Construction,intact,white,14.6,42.8
283,Farm_Laborer,Service_Worker,intact,white,20.5,34.9
284,Farm_Laborer,Operative-Nonmanufacturing,intact,white,64.4,74.7
285,Farm_Laborer,Operative-Manufacturing,intact,white,81.5,104.9
286,Farm_Laborer,Laborer-Manufacturing,intact,white,19.1,23.7
287,Farm_Laborer,Laborer-Nonmanufacturing,intact,white,40.8,40.1
288,Farm_Laborer,Farmer/Farm_Manager,intact,white,11.2,32.6
289,Farm_Laborer,Farm_Laborer,intact,white,239.3,41.5
290,Professional_Self-Employed,Professional_Self-Employed,nonintact,white,0.9,0
291,Professional_Self-Employed,Professional-Salaried,nonintact,white,5,3.8
292,Professional_Self-Employed,Manager,nonintact,white,1.1,2.8
293,Professional_Self-Employed,Salesman-Nonretail,nonintact,white,2.1,1.7
294,Professional_Self-Employed,Proprietor,nonintact,white,0,1.1
295,Professional_Self-Employed,Clerk,nonintact,white,2.1,0.9
296,Professional_Self-Employed,Salesman-Retail,nonintact,white,1.5,1.6
297,Professional_Self-Employed,Craftsman-Manufacturing,nonintact,white,0,2.5
298,Professional_Self-Employed,Craftsmen-Other,nonintact,white,0,0.8
299,Professional_Self-Employed,Craftsman-Construction,nonintact,white,0.9,1.4
300,Professional_Self-Employed,Service_Worker,nonintact,white,0.8,2.7
301,Professional_Self-Employed,Operative-Nonmanufacturing,nonintact,white,2.3,2.6
302,Professional_Self-Employed,Operative-Manufacturing,nonintact,white,1.9,0
303,Professional_Self-Employed,Laborer-Manufacturing,nonintact,white,1.6,0
304,Professional_Self-Employed,Laborer-Nonmanufacturing,nonintact,white,0.9,0
305,Professional_Self-Employed,Farmer/Farm_Manager,nonintact,white,0.7,0
306,Professional_Self-Employed,Farm_Laborer,nonintact,white,0,0
307,Professional-Salaried,Professional_Self-Employed,nonintact,white,0,3.3
308,Professional-Salaried,Professional-Salaried,nonintact,white,33.9,26.4
309,Professional-Salaried,Manager,nonintact,white,5.6,18
310,Professional-Salaried,Salesman-Nonretail,nonintact,white,4,7.4
311,Professional-Salaried,Proprietor,nonintact,white,0.8,3.1
312,Professional-Salaried,Clerk,nonintact,white,11.6,11.9
313,Professional-Salaried,Salesman-Retail,nonintact,white,5.1,1.7
314,Professional-Salaried,Craftsman-Manufacturing,nonintact,white,5.4,6.3
315,Professional-Salaried,Craftsmen-Other,nonintact,white,4.3,8.2
316,Professional-Salaried,Craftsman-Construction,nonintact,white,1.5,4
317,Professional-Salaried,Service_Worker,nonintact,white,8.6,4.5
318,Professional-Salaried,Operative-Nonmanufacturing,nonintact,white,8.5,8.3
319,Professional-Salaried,Operative-Manufacturing,nonintact,white,9.5,13
320,Professional-Salaried,Laborer-Manufacturing,nonintact,white,2.4,1.6
321,Professional-Salaried,Laborer-Nonmanufacturing,nonintact,white,4.6,2.5
322,Professional-Salaried,Farmer/Farm_Manager,nonintact,white,0.8,0.6
323,Professional-Salaried,Farm_Laborer,nonintact,white,4.2,0
324,Manager,Professional_Self-Employed,nonintact,white,1.3,1.3
325,Manager,Professional-Salaried,nonintact,white,14,16.9
326,Manager,Manager,nonintact,white,1.5,16
327,Manager,Salesman-Nonretail,nonintact,white,6.8,6.4
328,Manager,Proprietor,nonintact,white,0.6,6
329,Manager,Clerk,nonintact,white,10.3,8
330,Manager,Salesman-Retail,nonintact,white,6.3,1.5
331,Manager,Craftsman-Manufacturing,nonintact,white,2.3,3.3
332,Manager,Craftsmen-Other,nonintact,white,4.4,3.1
333,Manager,Craftsman-Construction,nonintact,white,1.6,3.3
334,Manager,Service_Worker,nonintact,white,3.2,3.1
335,Manager,Operative-Nonmanufacturing,nonintact,white,7.6,4
336,Manager,Operative-Manufacturing,nonintact,white,3.4,4.3
337,Manager,Laborer-Manufacturing,nonintact,white,2.5,0
338,Manager,Laborer-Nonmanufacturing,nonintact,white,5.7,1.5
339,Manager,Farmer/Farm_Manager,nonintact,white,0,0.7
340,Manager,Farm_Laborer,nonintact,white,1.6,0.8
341,Salesman-Nonretail,Professional_Self-Employed,nonintact,white,0,0.8
342,Salesman-Nonretail,Professional-Salaried,nonintact,white,4.8,2.4
343,Salesman-Nonretail,Manager,nonintact,white,3.7,8
344,Salesman-Nonretail,Salesman-Nonretail,nonintact,white,3.4,3.3
345,Salesman-Nonretail,Proprietor,nonintact,white,0,2.3
346,Salesman-Nonretail,Clerk,nonintact,white,3.2,1.6
347,Salesman-Nonretail,Salesman-Retail,nonintact,white,0.7,0
348,Salesman-Nonretail,Craftsman-Manufacturing,nonintact,white,0.8,1.7
349,Salesman-Nonretail,Craftsmen-Other,nonintact,white,0.6,1.5
350,Salesman-Nonretail,Craftsman-Construction,nonintact,white,0.4,1.3
351,Salesman-Nonretail,Service_Worker,nonintact,white,1.7,1.6
352,Salesman-Nonretail,Operative-Nonmanufacturing,nonintact,white,3.7,1.7
353,Salesman-Nonretail,Operative-Manufacturing,nonintact,white,2.4,2.2
354,Salesman-Nonretail,Laborer-Manufacturing,nonintact,white,0,0
355,Salesman-Nonretail,Laborer-Nonmanufacturing,nonintact,white,1.5,2.2
356,Salesman-Nonretail,Farmer/Farm_Manager,nonintact,white,0,0.8
357,Salesman-Nonretail,Farm_Laborer,nonintact,white,0,1.6
358,Proprietor,Professional_Self-Employed,nonintact,white,1.5,1.5
359,Proprietor,Professional-Salaried,nonintact,white,13.3,13.3
360,Proprietor,Manager,nonintact,white,6.5,16.8
361,Proprietor,Salesman-Nonretail,nonintact,white,4,6.3
362,Proprietor,Proprietor,nonintact,white,3,8.3
363,Proprietor,Clerk,nonintact,white,10.4,5.9
364,Proprietor,Salesman-Retail,nonintact,white,5,3.2
365,Proprietor,Craftsman-Manufacturing,nonintact,white,1.2,5.9
366,Proprietor,Craftsmen-Other,nonintact,white,6.5,6.4
367,Proprietor,Craftsman-Construction,nonintact,white,3.7,6
368,Proprietor,Service_Worker,nonintact,white,4.9,6.2
369,Proprietor,Operative-Nonmanufacturing,nonintact,white,7.6,7
370,Proprietor,Operative-Manufacturing,nonintact,white,18.1,8.3
371,Proprietor,Laborer-Manufacturing,nonintact,white,3,0.9
372,Proprietor,Laborer-Nonmanufacturing,nonintact,white,7.3,1.5
373,Proprietor,Farmer/Farm_Manager,nonintact,white,0.4,1.7
374,Proprietor,Farm_Laborer,nonintact,white,2.6,0.6
375,Clerk,Professional_Self-Employed,nonintact,white,1.4,2.1
376,Clerk,Professional-Salaried,nonintact,white,40.5,36.8
377,Clerk,Manager,nonintact,white,7.5,34.8
378,Clerk,Salesman-Nonretail,nonintact,white,4.2,8.7
379,Clerk,Proprietor,nonintact,white,0,4.1
380,Clerk,Clerk,nonintact,white,26.5,26
381,Clerk,Salesman-Retail,nonintact,white,14.4,7.9
382,Clerk,Craftsman-Manufacturing,nonintact,white,4.8,16
383,Clerk,Craftsmen-Other,nonintact,white,7,15.9
384,Clerk,Craftsman-Construction,nonintact,white,9.2,11.8
385,Clerk,Service_Worker,nonintact,white,12.6,10.8
386,Clerk,Operative-Nonmanufacturing,nonintact,white,16.3,11.2
387,Clerk,Operative-Manufacturing,nonintact,white,23.8,16.1
388,Clerk,Laborer-Manufacturing,nonintact,white,5.6,0.7
389,Clerk,Laborer-Nonmanufacturing,nonintact,white,11,6.1
390,Clerk,Farmer/Farm_Manager,nonintact,white,0.8,0.8
391,Clerk,Farm_Laborer,nonintact,white,1.4,0.7
392,Salesman-Retail,Professional_Self-Employed,nonintact,white,0,0
393,Salesman-Retail,Professional-Salaried,nonintact,white,16.2,12.9
394,Salesman-Retail,Manager,nonintact,white,3.3,11.8
395,Salesman-Retail,Salesman-Nonretail,nonintact,white,2.5,3.3
396,Salesman-Retail,Proprietor,nonintact,white,0,3.2
397,Salesman-Retail,Clerk,nonintact,white,11.4,8.8
398,Salesman-Retail,Salesman-Retail,nonintact,white,5.9,5.7
399,Salesman-Retail,Craftsman-Manufacturing,nonintact,white,2.3,8.2
400,Salesman-Retail,Craftsmen-Other,nonintact,white,5.5,6.5
401,Salesman-Retail,Craftsman-Construction,nonintact,white,2.3,2.8
402,Salesman-Retail,Service_Worker,nonintact,white,4,7.2
403,Salesman-Retail,Operative-Nonmanufacturing,nonintact,white,10.6,7.2
404,Salesman-Retail,Operative-Manufacturing,nonintact,white,8.4,5.9
405,Salesman-Retail,Laborer-Manufacturing,nonintact,white,1.6,0.7
406,Salesman-Retail,Laborer-Nonmanufacturing,nonintact,white,6.8,0.8
407,Salesman-Retail,Farmer/Farm_Manager,nonintact,white,0,0.7
408,Salesman-Retail,Farm_Laborer,nonintact,white,0,0
409,Craftsman-Manufacturing,Professional_Self-Employed,nonintact,white,0,0.8
410,Craftsman-Manufacturing,Professional-Salaried,nonintact,white,10.6,12.2
411,Craftsman-Manufacturing,Manager,nonintact,white,2.6,12.3
412,Craftsman-Manufacturing,Salesman-Nonretail,nonintact,white,0.8,2.6
413,Craftsman-Manufacturing,Proprietor,nonintact,white,0,1.6
414,Craftsman-Manufacturing,Clerk,nonintact,white,9.6,7.5
415,Craftsman-Manufacturing,Salesman-Retail,nonintact,white,3.7,0.7
416,Craftsman-Manufacturing,Craftsman-Manufacturing,nonintact,white,7,7.9
417,Craftsman-Manufacturing,Craftsmen-Other,nonintact,white,3.4,6.5
418,Craftsman-Manufacturing,Craftsman-Construction,nonintact,white,2.5,5.1
419,Craftsman-Manufacturing,Service_Worker,nonintact,white,4.8,6.2
420,Craftsman-Manufacturing,Operative-Nonmanufacturing,nonintact,white,9.2,6
421,Craftsman-Manufacturing,Operative-Manufacturing,nonintact,white,16.8,12.7
422,Craftsman-Manufacturing,Laborer-Manufacturing,nonintact,white,3.2,0.8
423,Craftsman-Manufacturing,Laborer-Nonmanufacturing,nonintact,white,3.1,0.8
424,Craftsman-Manufacturing,Farmer/Farm_Manager,nonintact,white,0.7,0.9
425,Craftsman-Manufacturing,Farm_Laborer,nonintact,white,3.1,0
426,Craftsmen-Other,Professional_Self-Employed,nonintact,white,0,0
427,Craftsmen-Other,Professional-Salaried,nonintact,white,15.1,17
428,Craftsmen-Other,Manager,nonintact,white,4.1,11.1
429,Craftsmen-Other,Salesman-Nonretail,nonintact,white,1.7,3.2
430,Craftsmen-Other,Proprietor,nonintact,white,0.8,2.5
431,Craftsmen-Other,Clerk,nonintact,white,8.8,6.6
432,Craftsmen-Other,Salesman-Retail,nonintact,white,4.2,0.9
433,Craftsmen-Other,Craftsman-Manufacturing,nonintact,white,3.9,10.4
434,Craftsmen-Other,Craftsmen-Other,nonintact,white,8.6,14.6
435,Craftsmen-Other,Craftsman-Construction,nonintact,white,4.3,6.4
436,Craftsmen-Other,Service_Worker,nonintact,white,6.5,7.1
437,Craftsmen-Other,Operative-Nonmanufacturing,nonintact,white,18.3,11.2
438,Craftsmen-Other,Operative-Manufacturing,nonintact,white,11.5,8.7
439,Craftsmen-Other,Laborer-Manufacturing,nonintact,white,5.8,0
440,Craftsmen-Other,Laborer-Nonmanufacturing,nonintact,white,6,4.6
441,Craftsmen-Other,Farmer/Farm_Manager,nonintact,white,0,0.8
442,Craftsmen-Other,Farm_Laborer,nonintact,white,5,0.8
443,Craftsman-Construction,Professional_Self-Employed,nonintact,white,0,0
444,Craftsman-Construction,Professional-Salaried,nonintact,white,4.6,10
445,Craftsman-Construction,Manager,nonintact,white,1.9,11.4
446,Craftsman-Construction,Salesman-Nonretail,nonintact,white,0.9,4.8
447,Craftsman-Construction,Proprietor,nonintact,white,0.8,1.7
448,Craftsman-Construction,Clerk,nonintact,white,10.4,6.8
449,Craftsman-Construction,Salesman-Retail,nonintact,white,2.3,0.8
450,Craftsman-Construction,Craftsman-Manufacturing,nonintact,white,6.6,2.8
451,Craftsman-Construction,Craftsmen-Other,nonintact,white,5.8,9.3
452,Craftsman-Construction,Craftsman-Construction,nonintact,white,8.1,14.6
453,Craftsman-Construction,Service_Worker,nonintact,white,3.8,4.2
454,Craftsman-Construction,Operative-Nonmanufacturing,nonintact,white,12.8,10.1
455,Craftsman-Construction,Operative-Manufacturing,nonintact,white,13,8.8
456,Craftsman-Construction,Laborer-Manufacturing,nonintact,white,0.9,0
457,Craftsman-Construction,Laborer-Nonmanufacturing,nonintact,white,14,2.9
458,Craftsman-Construction,Farmer/Farm_Manager,nonintact,white,0,0.7
459,Craftsman-Construction,Farm_Laborer,nonintact,white,4.4,0.5
460,Service_Worker,Professional_Self-Employed,nonintact,white,4.2,3
461,Service_Worker,Professional-Salaried,nonintact,white,30.5,32.9
462,Service_Worker,Manager,nonintact,white,13.3,48.5
463,Service_Worker,Salesman-Nonretail,nonintact,white,3,11.9
464,Service_Worker,Proprietor,nonintact,white,0.9,13.9
465,Service_Worker,Clerk,nonintact,white,40.7,19.1
466,Service_Worker,Salesman-Retail,nonintact,white,15.6,6.7
467,Service_Worker,Craftsman-Manufacturing,nonintact,white,13.7,20.6
468,Service_Worker,Craftsmen-Other,nonintact,white,22.9,36.5
469,Service_Worker,Craftsman-Construction,nonintact,white,13.1,19.2
470,Service_Worker,Service_Worker,nonintact,white,21.5,31.2
471,Service_Worker,Operative-Nonmanufacturing,nonintact,white,37.5,28.9
472,Service_Worker,Operative-Manufacturing,nonintact,white,39.3,39
473,Service_Worker,Laborer-Manufacturing,nonintact,white,13,6.3
474,Service_Worker,Laborer-Nonmanufacturing,nonintact,white,36.2,19.2
475,Service_Worker,Farmer/Farm_Manager,nonintact,white,0.9,0.8
476,Service_Worker,Farm_Laborer,nonintact,white,18.9,3
477,Operative-Nonmanufacturing,Professional_Self-Employed,nonintact,white,0.7,1.5
478,Operative-Nonmanufacturing,Professional-Salaried,nonintact,white,12.5,14
479,Operative-Nonmanufacturing,Manager,nonintact,white,6,19.4
480,Operative-Nonmanufacturing,Salesman-Nonretail,nonintact,white,0.8,4
481,Operative-Nonmanufacturing,Proprietor,nonintact,white,0,6.2
482,Operative-Nonmanufacturing,Clerk,nonintact,white,19.5,14.1
483,Operative-Nonmanufacturing,Salesman-Retail,nonintact,white,8.4,2.6
484,Operative-Nonmanufacturing,Craftsman-Manufacturing,nonintact,white,8,16.5
485,Operative-Nonmanufacturing,Craftsmen-Other,nonintact,white,11.1,23.4
486,Operative-Nonmanufacturing,Craftsman-Construction,nonintact,white,4.1,13.5
487,Operative-Nonmanufacturing,Service_Worker,nonintact,white,11.1,10.9
488,Operative-Nonmanufacturing,Operative-Nonmanufacturing,nonintact,white,51.5,30.7
489,Operative-Nonmanufacturing,Operative-Manufacturing,nonintact,white,23,18.3
490,Operative-Nonmanufacturing,Laborer-Manufacturing,nonintact,white,8.2,2
491,Operative-Nonmanufacturing,Laborer-Nonmanufacturing,nonintact,white,13,10.5
492,Operative-Nonmanufacturing,Farmer/Farm_Manager,nonintact,white,1.7,0.8
493,Operative-Nonmanufacturing,Farm_Laborer,nonintact,white,7.1,2.2
494,Operative-Manufacturing,Professional_Self-Employed,nonintact,white,1.6,2
495,Operative-Manufacturing,Professional-Salaried,nonintact,white,25.7,25
496,Operative-Manufacturing,Manager,nonintact,white,8,24.7
497,Operative-Manufacturing,Salesman-Nonretail,nonintact,white,5.6,12.1
498,Operative-Manufacturing,Proprietor,nonintact,white,0.7,10.1
499,Operative-Manufacturing,Clerk,nonintact,white,29.7,22.6
500,Operative-Manufacturing,Salesman-Retail,nonintact,white,6.2,5.6
501,Operative-Manufacturing,Craftsman-Manufacturing,nonintact,white,14.1,34
502,Operative-Manufacturing,Craftsmen-Other,nonintact,white,14.4,22.7
503,Operative-Manufacturing,Craftsman-Construction,nonintact,white,7,17.5
504,Operative-Manufacturing,Service_Worker,nonintact,white,10.8,10.5
505,Operative-Manufacturing,Operative-Nonmanufacturing,nonintact,white,30.4,20.2
506,Operative-Manufacturing,Operative-Manufacturing,nonintact,white,68.3,49.9
507,Operative-Manufacturing,Laborer-Manufacturing,nonintact,white,13.4,8.9
508,Operative-Manufacturing,Laborer-Nonmanufacturing,nonintact,white,22.3,10.2
509,Operative-Manufacturing,Farmer/Farm_Manager,nonintact,white,3.3,1
510,Operative-Manufacturing,Farm_Laborer,nonintact,white,3.2,0
511,Laborer-Manufacturing,Professional_Self-Employed,nonintact,white,0,0
512,Laborer-Manufacturing,Professional-Salaried,nonintact,white,1.8,2.3
513,Laborer-Manufacturing,Manager,nonintact,white,0.8,4.2
514,Laborer-Manufacturing,Salesman-Nonretail,nonintact,white,1,1.7
515,Laborer-Manufacturing,Proprietor,nonintact,white,0,0
516,Laborer-Manufacturing,Clerk,nonintact,white,2.3,0.9
517,Laborer-Manufacturing,Salesman-Retail,nonintact,white,2.4,0.7
518,Laborer-Manufacturing,Craftsman-Manufacturing,nonintact,white,0.4,4
519,Laborer-Manufacturing,Craftsmen-Other,nonintact,white,1.5,4.8
520,Laborer-Manufacturing,Craftsman-Construction,nonintact,white,0.8,4.8
521,Laborer-Manufacturing,Service_Worker,nonintact,white,2.5,1.7
522,Laborer-Manufacturing,Operative-Nonmanufacturing,nonintact,white,3,2
523,Laborer-Manufacturing,Operative-Manufacturing,nonintact,white,8.8,3.5
524,Laborer-Manufacturing,Laborer-Manufacturing,nonintact,white,5.2,0.9
525,Laborer-Manufacturing,Laborer-Nonmanufacturing,nonintact,white,1.4,1.7
526,Laborer-Manufacturing,Farmer/Farm_Manager,nonintact,white,0,0
527,Laborer-Manufacturing,Farm_Laborer,nonintact,white,0.4,0
528,Laborer-Nonmanufacturing,Professional_Self-Employed,nonintact,white,0,0.9
529,Laborer-Nonmanufacturing,Professional-Salaried,nonintact,white,2.6,4.2
530,Laborer-Nonmanufacturing,Manager,nonintact,white,0,6.1
531,Laborer-Nonmanufacturing,Salesman-Nonretail,nonintact,white,0,0.7
532,Laborer-Nonmanufacturing,Proprietor,nonintact,white,0,3.7
533,Laborer-Nonmanufacturing,Clerk,nonintact,white,5.4,3.7
534,Laborer-Nonmanufacturing,Salesman-Retail,nonintact,white,1.6,0.7
535,Laborer-Nonmanufacturing,Craftsman-Manufacturing,nonintact,white,6.6,6.8
536,Laborer-Nonmanufacturing,Craftsmen-Other,nonintact,white,0.8,7.8
537,Laborer-Nonmanufacturing,Craftsman-Construction,nonintact,white,1.6,2
538,Laborer-Nonmanufacturing,Service_Worker,nonintact,white,0.7,2.2
539,Laborer-Nonmanufacturing,Operative-Nonmanufacturing,nonintact,white,6.9,8.9
540,Laborer-Nonmanufacturing,Operative-Manufacturing,nonintact,white,7.3,7.2
541,Laborer-Nonmanufacturing,Laborer-Manufacturing,nonintact,white,2.4,0
542,Laborer-Nonmanufacturing,Laborer-Nonmanufacturing,nonintact,white,15,3.6
543,Laborer-Nonmanufacturing,Farmer/Farm_Manager,nonintact,white,0,0.8
544,Laborer-Nonmanufacturing,Farm_Laborer,nonintact,white,3.4,1.2
545,Farmer/Farm_Manager,Professional_Self-Employed,nonintact,white,0.8,0.8
546,Farmer/Farm_Manager,Professional-Salaried,nonintact,white,16.9,17.6
547,Farmer/Farm_Manager,Manager,nonintact,white,5.1,23.2
548,Farmer/Farm_Manager,Salesman-Nonretail,nonintact,white,4.1,4.8
549,Farmer/Farm_Manager,Proprietor,nonintact,white,0.8,16.1
550,Farmer/Farm_Manager,Clerk,nonintact,white,8.6,8.6
551,Farmer/Farm_Manager,Salesman-Retail,nonintact,white,8.7,4
552,Farmer/Farm_Manager,Craftsman-Manufacturing,nonintact,white,6.2,25.5
553,Farmer/Farm_Manager,Craftsmen-Other,nonintact,white,12.8,25.6
554,Farmer/Farm_Manager,Craftsman-Construction,nonintact,white,14.7,31.1
555,Farmer/Farm_Manager,Service_Worker,nonintact,white,10.1,29.9
556,Farmer/Farm_Manager,Operative-Nonmanufacturing,nonintact,white,29.7,31.9
557,Farmer/Farm_Manager,Operative-Manufacturing,nonintact,white,37.1,39.8
558,Farmer/Farm_Manager,Laborer-Manufacturing,nonintact,white,17,7.5
559,Farmer/Farm_Manager,Laborer-Nonmanufacturing,nonintact,white,28,12.5
560,Farmer/Farm_Manager,Farmer/Farm_Manager,nonintact,white,29,30.6
561,Farmer/Farm_Manager,Farm_Laborer,nonintact,white,88.6,10.3
562,Farm_Laborer,Professional_Self-Employed,nonintact,white,0,0
563,Farm_Laborer,Professional-Salaried,nonintact,white,5.5,3.2
564,Farm_Laborer,Manager,nonintact,white,0,5.1
565,Farm_Laborer,Salesman-Nonretail,nonintact,white,0,3.2
566,Farm_Laborer,Proprietor,nonintact,white,0,3.2
567,Farm_Laborer,Clerk,nonintact,white,5.7,2.8
568,Farm_Laborer,Salesman-Retail,nonintact,white,2.1,0.9
569,Farm_Laborer,Craftsman-Manufacturing,nonintact,white,3.7,10.9
570,Farm_Laborer,Craftsmen-Other,nonintact,white,8.8,13.3
571,Farm_Laborer,Craftsman-Construction,nonintact,white,0.7,9.1
572,Farm_Laborer,Service_Worker,nonintact,white,2.4,7.4
573,Farm_Laborer,Operative-Nonmanufacturing,nonintact,white,5.1,13.6
574,Farm_Laborer,Operative-Manufacturing,nonintact,white,9.3,18.3
575,Farm_Laborer,Laborer-Manufacturing,nonintact,white,8.1,3.5
576,Farm_Laborer,Laborer-Nonmanufacturing,nonintact,white,9.4,4.8
577,Farm_Laborer,Farmer/Farm_Manager,nonintact,white,2,5.6
578,Farm_Laborer,Farm_Laborer,nonintact,white,46.2,7.9
579,Professional_Self-Employed,Professional_Self-Employed,intact,black,1.2,1.4
580,Professional_Self-Employed,Professional-Salaried,intact,black,0.9,0.5
581,Professional_Self-Employed,Manager,intact,black,0.5,0
582,Professional_Self-Employed,Salesman-Nonretail,intact,black,0,0.5
583,Professional_Self-Employed,Proprietor,intact,black,0,0
584,Professional_Self-Employed,Clerk,intact,black,1.1,0.8
585,Professional_Self-Employed,Salesman-Retail,intact,black,0.6,0
586,Professional_Self-Employed,Craftsman-Manufacturing,intact,black,0,0.3
587,Professional_Self-Employed,Craftsmen-Other,intact,black,0,0.5
588,Professional_Self-Employed,Craftsman-Construction,intact,black,0,0
589,Professional_Self-Employed,Service_Worker,intact,black,0,0.5
590,Professional_Self-Employed,Operative-Nonmanufacturing,intact,black,0,0.6
591,Professional_Self-Employed,Operative-Manufacturing,intact,black,0.4,1
592,Professional_Self-Employed,Laborer-Manufacturing,intact,black,0,0
593,Professional_Self-Employed,Laborer-Nonmanufacturing,intact,black,0,0
594,Professional_Self-Employed,Farmer/Farm_Manager,intact,black,0,0
595,Professional_Self-Employed,Farm_Laborer,intact,black,0.5,0
596,Professional-Salaried,Professional_Self-Employed,intact,black,0.6,1.7
597,Professional-Salaried,Professional-Salaried,intact,black,8.6,8.3
598,Professional-Salaried,Manager,intact,black,2,3.1
599,Professional-Salaried,Salesman-Nonretail,intact,black,0.9,2.8
600,Professional-Salaried,Proprietor,intact,black,0,0
601,Professional-Salaried,Clerk,intact,black,2.6,3
602,Professional-Salaried,Salesman-Retail,intact,black,1,1.9
603,Professional-Salaried,Craftsman-Manufacturing,intact,black,0.6,0
604,Professional-Salaried,Craftsmen-Other,intact,black,0,0.3
605,Professional-Salaried,Craftsman-Construction,intact,black,0,0
606,Professional-Salaried,Service_Worker,intact,black,3.6,3.1
607,Professional-Salaried,Operative-Nonmanufacturing,intact,black,1.7,1.9
608,Professional-Salaried,Operative-Manufacturing,intact,black,1.8,2.4
609,Professional-Salaried,Laborer-Manufacturing,intact,black,1.1,0.9
610,Professional-Salaried,Laborer-Nonmanufacturing,intact,black,0.9,2.4
611,Professional-Salaried,Farmer/Farm_Manager,intact,black,0,0
612,Professional-Salaried,Farm_Laborer,intact,black,0.7,0
613,Manager,Professional_Self-Employed,intact,black,0,0
614,Manager,Professional-Salaried,intact,black,2.2,1.2
615,Manager,Manager,intact,black,0,2.7
616,Manager,Salesman-Nonretail,intact,black,0,0
617,Manager,Proprietor,intact,black,0,0
618,Manager,Clerk,intact,black,2.4,2.2
619,Manager,Salesman-Retail,intact,black,1.3,0.5
620,Manager,Craftsman-Manufacturing,intact,black,0,1.4
621,Manager,Craftsmen-Other,intact,black,0.6,0
622,Manager,Craftsman-Construction,intact,black,0,0
623,Manager,Service_Worker,intact,black,0.7,0
624,Manager,Operative-Nonmanufacturing,intact,black,0.5,1.2
625,Manager,Operative-Manufacturing,intact,black,0.4,1.8
626,Manager,Laborer-Manufacturing,intact,black,0,0
627,Manager,Laborer-Nonmanufacturing,intact,black,1.2,1.2
628,Manager,Farmer/Farm_Manager,intact,black,0,0
629,Manager,Farm_Laborer,intact,black,0,0
630,Salesman-Nonretail,Professional_Self-Employed,intact,black,0,0
631,Salesman-Nonretail,Professional-Salaried,intact,black,1.3,2.3
632,Salesman-Nonretail,Manager,intact,black,0.7,0.7
633,Salesman-Nonretail,Salesman-Nonretail,intact,black,0,0
634,Salesman-Nonretail,Proprietor,intact,black,0,0
635,Salesman-Nonretail,Clerk,intact,black,0.5,0
636,Salesman-Nonretail,Salesman-Retail,intact,black,0,0
637,Salesman-Nonretail,Craftsman-Manufacturing,intact,black,0,0
638,Salesman-Nonretail,Craftsmen-Other,intact,black,0,0.6
639,Salesman-Nonretail,Craftsman-Construction,intact,black,0,0
640,Salesman-Nonretail,Service_Worker,intact,black,0,0
641,Salesman-Nonretail,Operative-Nonmanufacturing,intact,black,0.6,0.5
642,Salesman-Nonretail,Operative-Manufacturing,intact,black,0,0
643,Salesman-Nonretail,Laborer-Manufacturing,intact,black,0,0
644,Salesman-Nonretail,Laborer-Nonmanufacturing,intact,black,0,0
645,Salesman-Nonretail,Farmer/Farm_Manager,intact,black,0,0
646,Salesman-Nonretail,Farm_Laborer,intact,black,0,0
647,Proprietor,Professional_Self-Employed,intact,black,0,0
648,Proprietor,Professional-Salaried,intact,black,1.3,2.6
649,Proprietor,Manager,intact,black,0.6,0.5
650,Proprietor,Salesman-Nonretail,intact,black,0.5,0
651,Proprietor,Proprietor,intact,black,0.5,0
652,Proprietor,Clerk,intact,black,1.1,2.1
653,Proprietor,Salesman-Retail,intact,black,0,0.6
654,Proprietor,Craftsman-Manufacturing,intact,black,0.4,1
655,Proprietor,Craftsmen-Other,intact,black,0.6,0.9
656,Proprietor,Craftsman-Construction,intact,black,0.9,0.5
657,Proprietor,Service_Worker,intact,black,2,2.2
658,Proprietor,Operative-Nonmanufacturing,intact,black,0.8,2.7
659,Proprietor,Operative-Manufacturing,intact,black,2.9,0
660,Proprietor,Laborer-Manufacturing,intact,black,0,0
661,Proprietor,Laborer-Nonmanufacturing,intact,black,0.4,0.8
662,Proprietor,Farmer/Farm_Manager,intact,black,0,0
663,Proprietor,Farm_Laborer,intact,black,0,0
664,Clerk,Professional_Self-Employed,intact,black,0.4,0
665,Clerk,Professional-Salaried,intact,black,3.6,5.5
666,Clerk,Manager,intact,black,0.6,2.1
667,Clerk,Salesman-Nonretail,intact,black,0,0
668,Clerk,Proprietor,intact,black,0,0
669,Clerk,Clerk,intact,black,6.3,5.8
670,Clerk,Salesman-Retail,intact,black,0.4,0
671,Clerk,Craftsman-Manufacturing,intact,black,1.3,2.5
672,Clerk,Craftsmen-Other,intact,black,2.9,2.8
673,Clerk,Craftsman-Construction,intact,black,0,0.6
674,Clerk,Service_Worker,intact,black,4.3,3.1
675,Clerk,Operative-Nonmanufacturing,intact,black,2.9,2
676,Clerk,Operative-Manufacturing,intact,black,5.7,10.5
677,Clerk,Laborer-Manufacturing,intact,black,1.8,1.3
678,Clerk,Laborer-Nonmanufacturing,intact,black,0,1.6
679,Clerk,Farmer/Farm_Manager,intact,black,0,0
680,Clerk,Farm_Laborer,intact,black,0.9,0.6
681,Salesman-Retail,Professional_Self-Employed,intact,black,0,0
682,Salesman-Retail,Professional-Salaried,intact,black,0,0.4
683,Salesman-Retail,Manager,intact,black,0,0
684,Salesman-Retail,Salesman-Nonretail,intact,black,0,0
685,Salesman-Retail,Proprietor,intact,black,0,1.1
686,Salesman-Retail,Clerk,intact,black,0.5,0.9
687,Salesman-Retail,Salesman-Retail,intact,black,0.6,0
688,Salesman-Retail,Craftsman-Manufacturing,intact,black,0,0
689,Salesman-Retail,Craftsmen-Other,intact,black,0.5,0
690,Salesman-Retail,Craftsman-Construction,intact,black,0,0
691,Salesman-Retail,Service_Worker,intact,black,0,1.4
692,Salesman-Retail,Operative-Nonmanufacturing,intact,black,0.5,0
693,Salesman-Retail,Operative-Manufacturing,intact,black,0.8,0
694,Salesman-Retail,Laborer-Manufacturing,intact,black,0,0
695,Salesman-Retail,Laborer-Nonmanufacturing,intact,black,1.4,0.8
696,Salesman-Retail,Farmer/Farm_Manager,intact,black,0,0
697,Salesman-Retail,Farm_Laborer,intact,black,0,0
698,Craftsman-Manufacturing,Professional_Self-Employed,intact,black,0,0.3
699,Craftsman-Manufacturing,Professional-Salaried,intact,black,3.2,4.3
700,Craftsman-Manufacturing,Manager,intact,black,0,1.4
701,Craftsman-Manufacturing,Salesman-Nonretail,intact,black,0.8,0
702,Craftsman-Manufacturing,Proprietor,intact,black,0,0
703,Craftsman-Manufacturing,Clerk,intact,black,6.5,5.1
704,Craftsman-Manufacturing,Salesman-Retail,intact,black,1.9,0.6
705,Craftsman-Manufacturing,Craftsman-Manufacturing,intact,black,1.5,3.7
706,Craftsman-Manufacturing,Craftsmen-Other,intact,black,0.6,1.9
707,Craftsman-Manufacturing,Craftsman-Construction,intact,black,1,0
708,Craftsman-Manufacturing,Service_Worker,intact,black,2.7,4.5
709,Craftsman-Manufacturing,Operative-Nonmanufacturing,intact,black,2,5.2
710,Craftsman-Manufacturing,Operative-Manufacturing,intact,black,7.5,8.5
711,Craftsman-Manufacturing,Laborer-Manufacturing,intact,black,3.7,1.3
712,Craftsman-Manufacturing,Laborer-Nonmanufacturing,intact,black,5.2,2.6
713,Craftsman-Manufacturing,Farmer/Farm_Manager,intact,black,0,0
714,Craftsman-Manufacturing,Farm_Laborer,intact,black,0,0
715,Craftsmen-Other,Professional_Self-Employed,intact,black,0,0.5
716,Craftsmen-Other,Professional-Salaried,intact,black,5.1,6.1
717,Craftsmen-Other,Manager,intact,black,2.2,2.3
718,Craftsmen-Other,Salesman-Nonretail,intact,black,1,0.5
719,Craftsmen-Other,Proprietor,intact,black,0.6,0
720,Craftsmen-Other,Clerk,intact,black,6.8,7.5
721,Craftsmen-Other,Salesman-Retail,intact,black,1,2.3
722,Craftsmen-Other,Craftsman-Manufacturing,intact,black,1.5,2
723,Craftsmen-Other,Craftsmen-Other,intact,black,2.6,3.4
724,Craftsmen-Other,Craftsman-Construction,intact,black,1.1,3.2
725,Craftsmen-Other,Service_Worker,intact,black,5.1,11.1
726,Craftsmen-Other,Operative-Nonmanufacturing,intact,black,8.4,7.2
727,Craftsmen-Other,Operative-Manufacturing,intact,black,9.3,9.8
728,Craftsmen-Other,Laborer-Manufacturing,intact,black,3.5,2.2
729,Craftsmen-Other,Laborer-Nonmanufacturing,intact,black,4,5.6
730,Craftsmen-Other,Farmer/Farm_Manager,intact,black,0,0
731,Craftsmen-Other,Farm_Laborer,intact,black,2.1,0.4
732,Craftsman-Construction,Professional_Self-Employed,intact,black,0.5,0
733,Craftsman-Construction,Professional-Salaried,intact,black,4.1,5
734,Craftsman-Construction,Manager,intact,black,3,3.1
735,Craftsman-Construction,Salesman-Nonretail,intact,black,1.1,1.9
736,Craftsman-Construction,Proprietor,intact,black,0,0.4
737,Craftsman-Construction,Clerk,intact,black,5.2,5.8
738,Craftsman-Construction,Salesman-Retail,intact,black,0,0.4
739,Craftsman-Construction,Craftsman-Manufacturing,intact,black,1.1,2.5
740,Craftsman-Construction,Craftsmen-Other,intact,black,0,3.3
741,Craftsman-Construction,Craftsman-Construction,intact,black,6.7,4
742,Craftsman-Construction,Service_Worker,intact,black,4.2,4.9
743,Craftsman-Construction,Operative-Nonmanufacturing,intact,black,8.3,4.8
744,Craftsman-Construction,Operative-Manufacturing,intact,black,10.5,8.7
745,Craftsman-Construction,Laborer-Manufacturing,intact,black,4,4.7
746,Craftsman-Construction,Laborer-Nonmanufacturing,intact,black,6.2,6.2
747,Craftsman-Construction,Farmer/Farm_Manager,intact,black,0,0
748,Craftsman-Construction,Farm_Laborer,intact,black,1.4,0
749,Service_Worker,Professional_Self-Employed,intact,black,0.5,0.5
750,Service_Worker,Professional-Salaried,intact,black,6.4,11.4
751,Service_Worker,Manager,intact,black,1.6,4.1
752,Service_Worker,Salesman-Nonretail,intact,black,0.4,1.2
753,Service_Worker,Proprietor,intact,black,0,1.5
754,Service_Worker,Clerk,intact,black,10.2,11.1
755,Service_Worker,Salesman-Retail,intact,black,0.9,0
756,Service_Worker,Craftsman-Manufacturing,intact,black,1,2.9
757,Service_Worker,Craftsmen-Other,intact,black,5.4,3.7
758,Service_Worker,Craftsman-Construction,intact,black,2.7,1.4
759,Service_Worker,Service_Worker,intact,black,13.7,12.3
760,Service_Worker,Operative-Nonmanufacturing,intact,black,10.8,12.2
761,Service_Worker,Operative-Manufacturing,intact,black,11.3,14.7
762,Service_Worker,Laborer-Manufacturing,intact,black,3.7,3.3
763,Service_Worker,Laborer-Nonmanufacturing,intact,black,10.4,3.1
764,Service_Worker,Farmer/Farm_Manager,intact,black,0,0
765,Service_Worker,Farm_Laborer,intact,black,2,1.4
766,Operative-Nonmanufacturing,Professional_Self-Employed,intact,black,0,1.6
767,Operative-Nonmanufacturing,Professional-Salaried,intact,black,8.7,7.8
768,Operative-Nonmanufacturing,Manager,intact,black,2.1,3.3
769,Operative-Nonmanufacturing,Salesman-Nonretail,intact,black,1.8,0
770,Operative-Nonmanufacturing,Proprietor,intact,black,0.5,2.3
771,Operative-Nonmanufacturing,Clerk,intact,black,11.3,10.4
772,Operative-Nonmanufacturing,Salesman-Retail,intact,black,2.8,1.1
773,Operative-Nonmanufacturing,Craftsman-Manufacturing,intact,black,3.9,5.2
774,Operative-Nonmanufacturing,Craftsmen-Other,intact,black,5,7.3
775,Operative-Nonmanufacturing,Craftsman-Construction,intact,black,2.2,3.4
776,Operative-Nonmanufacturing,Service_Worker,intact,black,13,12.5
777,Operative-Nonmanufacturing,Operative-Nonmanufacturing,intact,black,20.4,17.7
778,Operative-Nonmanufacturing,Operative-Manufacturing,intact,black,13.2,15
779,Operative-Nonmanufacturing,Laborer-Manufacturing,intact,black,3.5,3.7
780,Operative-Nonmanufacturing,Laborer-Nonmanufacturing,intact,black,10.5,10.2
781,Operative-Nonmanufacturing,Farmer/Farm_Manager,intact,black,0,0
782,Operative-Nonmanufacturing,Farm_Laborer,intact,black,3.9,1
783,Operative-Manufacturing,Professional_Self-Employed,intact,black,0,0
784,Operative-Manufacturing,Professional-Salaried,intact,black,4.2,8.3
785,Operative-Manufacturing,Manager,intact,black,1.1,3.2
786,Operative-Manufacturing,Salesman-Nonretail,intact,black,2.6,0
787,Operative-Manufacturing,Proprietor,intact,black,0,0
788,Operative-Manufacturing,Clerk,intact,black,9.6,13.9
789,Operative-Manufacturing,Salesman-Retail,intact,black,3.3,2.4
790,Operative-Manufacturing,Craftsman-Manufacturing,intact,black,3.4,8.1
791,Operative-Manufacturing,Craftsmen-Other,intact,black,3.9,7
792,Operative-Manufacturing,Craftsman-Construction,intact,black,0.8,1.4
793,Operative-Manufacturing,Service_Worker,intact,black,15.4,13.5
794,Operative-Manufacturing,Operative-Nonmanufacturing,intact,black,11.9,11.9
795,Operative-Manufacturing,Operative-Manufacturing,intact,black,20.6,24.1
796,Operative-Manufacturing,Laborer-Manufacturing,intact,black,11.4,7.3
797,Operative-Manufacturing,Laborer-Nonmanufacturing,intact,black,12.3,6.7
798,Operative-Manufacturing,Farmer/Farm_Manager,intact,black,0,0
799,Operative-Manufacturing,Farm_Laborer,intact,black,1.5,0.4
800,Laborer-Manufacturing,Professional_Self-Employed,intact,black,0,0
801,Laborer-Manufacturing,Professional-Salaried,intact,black,6.3,6.1
802,Laborer-Manufacturing,Manager,intact,black,1.1,2.7
803,Laborer-Manufacturing,Salesman-Nonretail,intact,black,0.5,0
804,Laborer-Manufacturing,Proprietor,intact,black,0,1.9
805,Laborer-Manufacturing,Clerk,intact,black,7.8,7
806,Laborer-Manufacturing,Salesman-Retail,intact,black,0.8,1.1
807,Laborer-Manufacturing,Craftsman-Manufacturing,intact,black,1,4
808,Laborer-Manufacturing,Craftsmen-Other,intact,black,1.4,5.1
809,Laborer-Manufacturing,Craftsman-Construction,intact,black,1,2.8
810,Laborer-Manufacturing,Service_Worker,intact,black,12.9,12.2
811,Laborer-Manufacturing,Operative-Nonmanufacturing,intact,black,9.4,13.8
812,Laborer-Manufacturing,Operative-Manufacturing,intact,black,14,20.2
813,Laborer-Manufacturing,Laborer-Manufacturing,intact,black,15.2,6.5
814,Laborer-Manufacturing,Laborer-Nonmanufacturing,intact,black,11.3,12.2
815,Laborer-Manufacturing,Farmer/Farm_Manager,intact,black,0.5,0
816,Laborer-Manufacturing,Farm_Laborer,intact,black,6,1.6
817,Laborer-Nonmanufacturing,Professional_Self-Employed,intact,black,0,0.4
818,Laborer-Nonmanufacturing,Professional-Salaried,intact,black,7.1,9.4
819,Laborer-Nonmanufacturing,Manager,intact,black,0,3.7
820,Laborer-Nonmanufacturing,Salesman-Nonretail,intact,black,0.7,1
821,Laborer-Nonmanufacturing,Proprietor,intact,black,0,1.4
822,Laborer-Nonmanufacturing,Clerk,intact,black,11.4,16
823,Laborer-Nonmanufacturing,Salesman-Retail,intact,black,0.8,0.9
824,Laborer-Nonmanufacturing,Craftsman-Manufacturing,intact,black,3.8,6.9
825,Laborer-Nonmanufacturing,Craftsmen-Other,intact,black,4.7,7.4
826,Laborer-Nonmanufacturing,Craftsman-Construction,intact,black,2.6,2.3
827,Laborer-Nonmanufacturing,Service_Worker,intact,black,18.1,11.6
828,Laborer-Nonmanufacturing,Operative-Nonmanufacturing,intact,black,14.6,19.4
829,Laborer-Nonmanufacturing,Operative-Manufacturing,intact,black,18.4,28.8
830,Laborer-Nonmanufacturing,Laborer-Manufacturing,intact,black,11.2,6.8
831,Laborer-Nonmanufacturing,Laborer-Nonmanufacturing,intact,black,28.9,21.5
832,Laborer-Nonmanufacturing,Farmer/Farm_Manager,intact,black,0.7,0
833,Laborer-Nonmanufacturing,Farm_Laborer,intact,black,7.6,2
834,Farmer/Farm_Manager,Professional_Self-Employed,intact,black,0,0
835,Farmer/Farm_Manager,Professional-Salaried,intact,black,7.5,10.6
836,Farmer/Farm_Manager,Manager,intact,black,1.4,4.9
837,Farmer/Farm_Manager,Salesman-Nonretail,intact,black,0,1.8
838,Farmer/Farm_Manager,Proprietor,intact,black,0.4,3.2
839,Farmer/Farm_Manager,Clerk,intact,black,12.2,16.9
840,Farmer/Farm_Manager,Salesman-Retail,intact,black,2.6,3.1
841,Farmer/Farm_Manager,Craftsman-Manufacturing,intact,black,7.2,16.9
842,Farmer/Farm_Manager,Craftsmen-Other,intact,black,8.7,17
843,Farmer/Farm_Manager,Craftsman-Construction,intact,black,8.8,17.1
844,Farmer/Farm_Manager,Service_Worker,intact,black,20.9,31.6
845,Farmer/Farm_Manager,Operative-Nonmanufacturing,intact,black,28.1,39.2
846,Farmer/Farm_Manager,Operative-Manufacturing,intact,black,41.7,71.1
847,Farmer/Farm_Manager,Laborer-Manufacturing,intact,black,31.8,20
848,Farmer/Farm_Manager,Laborer-Nonmanufacturing,intact,black,42.1,55.2
849,Farmer/Farm_Manager,Farmer/Farm_Manager,intact,black,33.1,13
850,Farmer/Farm_Manager,Farm_Laborer,intact,black,98.4,16.4
851,Farm_Laborer,Professional_Self-Employed,intact,black,0,0.5
852,Farm_Laborer,Professional-Salaried,intact,black,2.9,4.9
853,Farm_Laborer,Manager,intact,black,0.9,2.7
854,Farm_Laborer,Salesman-Nonretail,intact,black,0,0.5
855,Farm_Laborer,Proprietor,intact,black,0,1.6
856,Farm_Laborer,Clerk,intact,black,2.4,8.7
857,Farm_Laborer,Salesman-Retail,intact,black,3.8,0
858,Farm_Laborer,Craftsman-Manufacturing,intact,black,3.1,13.5
859,Farm_Laborer,Craftsmen-Other,intact,black,2.8,8.3
860,Farm_Laborer,Craftsman-Construction,intact,black,3,9
861,Farm_Laborer,Service_Worker,intact,black,11.2,15.9
862,Farm_Laborer,Operative-Nonmanufacturing,intact,black,16,18.8
863,Farm_Laborer,Operative-Manufacturing,intact,black,14.2,26.6
864,Farm_Laborer,Laborer-Manufacturing,intact,black,12.3,4.1
865,Farm_Laborer,Laborer-Nonmanufacturing,intact,black,20.6,19
866,Farm_Laborer,Farmer/Farm_Manager,intact,black,3.3,2.5
867,Farm_Laborer,Farm_Laborer,intact,black,49,9
868,Professional_Self-Employed,Professional_Self-Employed,nonintact,black,0,0
869,Professional_Self-Employed,Professional-Salaried,nonintact,black,0.4,0.4
870,Professional_Self-Employed,Manager,nonintact,black,0,0
871,Professional_Self-Employed,Salesman-Nonretail,nonintact,black,0,0
872,Professional_Self-Employed,Proprietor,nonintact,black,0,0
873,Professional_Self-Employed,Clerk,nonintact,black,0,0
874,Professional_Self-Employed,Salesman-Retail,nonintact,black,0,0
875,Professional_Self-Employed,Craftsman-Manufacturing,nonintact,black,0,0
876,Professional_Self-Employed,Craftsmen-Other,nonintact,black,0,0
877,Professional_Self-Employed,Craftsman-Construction,nonintact,black,0,0
878,Professional_Self-Employed,Service_Worker,nonintact,black,0,0
879,Professional_Self-Employed,Operative-Nonmanufacturing,nonintact,black,0,0
880,Professional_Self-Employed,Operative-Manufacturing,nonintact,black,0.4,0.4
881,Professional_Self-Employed,Laborer-Manufacturing,nonintact,black,0,0
882,Professional_Self-Employed,Laborer-Nonmanufacturing,nonintact,black,0,0
883,Professional_Self-Employed,Farmer/Farm_Manager,nonintact,black,0,0
884,Professional_Self-Employed,Farm_Laborer,nonintact,black,0,0
885,Professional-Salaried,Professional_Self-Employed,nonintact,black,0.3,0
886,Professional-Salaried,Professional-Salaried,nonintact,black,3.1,3.6
887,Professional-Salaried,Manager,nonintact,black,0.6,1.1
888,Professional-Salaried,Salesman-Nonretail,nonintact,black,0,0.8
889,Professional-Salaried,Proprietor,nonintact,black,0,0
890,Professional-Salaried,Clerk,nonintact,black,2.7,2.4
891,Professional-Salaried,Salesman-Retail,nonintact,black,0.5,0
892,Professional-Salaried,Craftsman-Manufacturing,nonintact,black,1,0.6
893,Professional-Salaried,Craftsmen-Other,nonintact,black,0,0.9
894,Professional-Salaried,Craftsman-Construction,nonintact,black,0,0
895,Professional-Salaried,Service_Worker,nonintact,black,3.4,1.9
896,Professional-Salaried,Operative-Nonmanufacturing,nonintact,black,0.9,0.9
897,Professional-Salaried,Operative-Manufacturing,nonintact,black,0.6,2.2
898,Professional-Salaried,Laborer-Manufacturing,nonintact,black,1,0.5
899,Professional-Salaried,Laborer-Nonmanufacturing,nonintact,black,0.6,1.1
900,Professional-Salaried,Farmer/Farm_Manager,nonintact,black,0,0
901,Professional-Salaried,Farm_Laborer,nonintact,black,0,0
902,Manager,Professional_Self-Employed,nonintact,black,0,0
903,Manager,Professional-Salaried,nonintact,black,0.6,0.7
904,Manager,Manager,nonintact,black,0.7,0.7
905,Manager,Salesman-Nonretail,nonintact,black,0,0
906,Manager,Proprietor,nonintact,black,0,0
907,Manager,Clerk,nonintact,black,0.6,0.6
908,Manager,Salesman-Retail,nonintact,black,0,0
909,Manager,Craftsman-Manufacturing,nonintact,black,0.5,0.5
910,Manager,Craftsmen-Other,nonintact,black,0,0
911,Manager,Craftsman-Construction,nonintact,black,0.6,0
912,Manager,Service_Worker,nonintact,black,0,1
913,Manager,Operative-Nonmanufacturing,nonintact,black,2,0.6
914,Manager,Operative-Manufacturing,nonintact,black,0.9,0
915,Manager,Laborer-Manufacturing,nonintact,black,0,0
916,Manager,Laborer-Nonmanufacturing,nonintact,black,0,0
917,Manager,Farmer/Farm_Manager,nonintact,black,0,0
918,Manager,Farm_Laborer,nonintact,black,0,0
919,Salesman-Nonretail,Professional_Self-Employed,nonintact,black,0,0
920,Salesman-Nonretail,Professional-Salaried,nonintact,black,0,0
921,Salesman-Nonretail,Manager,nonintact,black,0,0
922,Salesman-Nonretail,Salesman-Nonretail,nonintact,black,0,0
923,Salesman-Nonretail,Proprietor,nonintact,black,0,0
924,Salesman-Nonretail,Clerk,nonintact,black,0,0
925,Salesman-Nonretail,Salesman-Retail,nonintact,black,0,0
926,Salesman-Nonretail,Craftsman-Manufacturing,nonintact,black,0,0.4
927,Salesman-Nonretail,Craftsmen-Other,nonintact,black,0,0
928,Salesman-Nonretail,Craftsman-Construction,nonintact,black,0,0
929,Salesman-Nonretail,Service_Worker,nonintact,black,0,0
930,Salesman-Nonretail,Operative-Nonmanufacturing,nonintact,black,0,0
931,Salesman-Nonretail,Operative-Manufacturing,nonintact,black,0,0
932,Salesman-Nonretail,Laborer-Manufacturing,nonintact,black,0,0
933,Salesman-Nonretail,Laborer-Nonmanufacturing,nonintact,black,0.4,0
934,Salesman-Nonretail,Farmer/Farm_Manager,nonintact,black,0,0
935,Salesman-Nonretail,Farm_Laborer,nonintact,black,0,0
936,Proprietor,Professional_Self-Employed,nonintact,black,0,0
937,Proprietor,Professional-Salaried,nonintact,black,1.6,1.2
938,Proprietor,Manager,nonintact,black,0,0.4
939,Proprietor,Salesman-Nonretail,nonintact,black,0,0
940,Proprietor,Proprietor,nonintact,black,0,0.4
941,Proprietor,Clerk,nonintact,black,0,0.6
942,Proprietor,Salesman-Retail,nonintact,black,1,1.1
943,Proprietor,Craftsman-Manufacturing,nonintact,black,0,1.3
944,Proprietor,Craftsmen-Other,nonintact,black,1.2,0
945,Proprietor,Craftsman-Construction,nonintact,black,0.5,0.5
946,Proprietor,Service_Worker,nonintact,black,2.2,0
947,Proprietor,Operative-Nonmanufacturing,nonintact,black,0,1.1
948,Proprietor,Operative-Manufacturing,nonintact,black,0,0.8
949,Proprietor,Laborer-Manufacturing,nonintact,black,0.8,0
950,Proprietor,Laborer-Nonmanufacturing,nonintact,black,0,0.4
951,Proprietor,Farmer/Farm_Manager,nonintact,black,0,0
952,Proprietor,Farm_Laborer,nonintact,black,0,0
953,Clerk,Professional_Self-Employed,nonintact,black,0,0
954,Clerk,Professional-Salaried,nonintact,black,0.4,1.7
955,Clerk,Manager,nonintact,black,0,0.5
956,Clerk,Salesman-Nonretail,nonintact,black,0,0
957,Clerk,Proprietor,nonintact,black,0,0
958,Clerk,Clerk,nonintact,black,1.9,3.3
959,Clerk,Salesman-Retail,nonintact,black,0,0
960,Clerk,Craftsman-Manufacturing,nonintact,black,0,0
961,Clerk,Craftsmen-Other,nonintact,black,0,0
962,Clerk,Craftsman-Construction,nonintact,black,0,0
963,Clerk,Service_Worker,nonintact,black,1.7,1.2
964,Clerk,Operative-Nonmanufacturing,nonintact,black,1.7,1.4
965,Clerk,Operative-Manufacturing,nonintact,black,0.5,2.8
966,Clerk,Laborer-Manufacturing,nonintact,black,0.5,1.2
967,Clerk,Laborer-Nonmanufacturing,nonintact,black,2.2,0.6
968,Clerk,Farmer/Farm_Manager,nonintact,black,0,0
969,Clerk,Farm_Laborer,nonintact,black,0,0
970,Salesman-Retail,Professional_Self-Employed,nonintact,black,0.4,0
971,Salesman-Retail,Professional-Salaried,nonintact,black,0,0.4
972,Salesman-Retail,Manager,nonintact,black,0.7,0
973,Salesman-Retail,Salesman-Nonretail,nonintact,black,0,0
974,Salesman-Retail,Proprietor,nonintact,black,0,0
975,Salesman-Retail,Clerk,nonintact,black,0,0.9
976,Salesman-Retail,Salesman-Retail,nonintact,black,0,0
977,Salesman-Retail,Craftsman-Manufacturing,nonintact,black,0,0
978,Salesman-Retail,Craftsmen-Other,nonintact,black,0,0
979,Salesman-Retail,Craftsman-Construction,nonintact,black,0,0
980,Salesman-Retail,Service_Worker,nonintact,black,0.7,0
981,Salesman-Retail,Operative-Nonmanufacturing,nonintact,black,0,0
982,Salesman-Retail,Operative-Manufacturing,nonintact,black,0.6,0
983,Salesman-Retail,Laborer-Manufacturing,nonintact,black,0,0.7
984,Salesman-Retail,Laborer-Nonmanufacturing,nonintact,black,0,0
985,Salesman-Retail,Farmer/Farm_Manager,nonintact,black,0,0
986,Salesman-Retail,Farm_Laborer,nonintact,black,0,0
987,Craftsman-Manufacturing,Professional_Self-Employed,nonintact,black,0,0
988,Craftsman-Manufacturing,Professional-Salaried,nonintact,black,0,0.4
989,Craftsman-Manufacturing,Manager,nonintact,black,0,0
990,Craftsman-Manufacturing,Salesman-Nonretail,nonintact,black,0,0
991,Craftsman-Manufacturing,Proprietor,nonintact,black,0,0
992,Craftsman-Manufacturing,Clerk,nonintact,black,0.5,0.5
993,Craftsman-Manufacturing,Salesman-Retail,nonintact,black,0.4,0
994,Craftsman-Manufacturing,Craftsman-Manufacturing,nonintact,black,0,0.4
995,Craftsman-Manufacturing,Craftsmen-Other,nonintact,black,0,0.6
996,Craftsman-Manufacturing,Craftsman-Construction,nonintact,black,0,0.9
997,Craftsman-Manufacturing,Service_Worker,nonintact,black,1.3,0.5
998,Craftsman-Manufacturing,Operative-Nonmanufacturing,nonintact,black,0,0.5
999,Craftsman-Manufacturing,Operative-Manufacturing,nonintact,black,1,0
1000,Craftsman-Manufacturing,Laborer-Manufacturing,nonintact,black,0.5,0
1001,Craftsman-Manufacturing,Laborer-Nonmanufacturing,nonintact,black,0.6,0.4
1002,Craftsman-Manufacturing,Farmer/Farm_Manager,nonintact,black,0,0
1003,Craftsman-Manufacturing,Farm_Laborer,nonintact,black,0,0
1004,Craftsmen-Other,Professional_Self-Employed,nonintact,black,0,0
1005,Craftsmen-Other,Professional-Salaried,nonintact,black,0,1
1006,Craftsmen-Other,Manager,nonintact,black,0.6,0.6
1007,Craftsmen-Other,Salesman-Nonretail,nonintact,black,0.7,0.6
1008,Craftsmen-Other,Proprietor,nonintact,black,0,0.4
1009,Craftsmen-Other,Clerk,nonintact,black,1.2,1
1010,Craftsmen-Other,Salesman-Retail,nonintact,black,0,1.4
1011,Craftsmen-Other,Craftsman-Manufacturing,nonintact,black,0.5,0
1012,Craftsmen-Other,Craftsmen-Other,nonintact,black,0.8,1.1
1013,Craftsmen-Other,Craftsman-Construction,nonintact,black,1.2,0
1014,Craftsmen-Other,Service_Worker,nonintact,black,1.9,2.2
1015,Craftsmen-Other,Operative-Nonmanufacturing,nonintact,black,2.4,1.6
1016,Craftsmen-Other,Operative-Manufacturing,nonintact,black,1.5,1.1
1017,Craftsmen-Other,Laborer-Manufacturing,nonintact,black,0,0.5
1018,Craftsmen-Other,Laborer-Nonmanufacturing,nonintact,black,0.4,2.8
1019,Craftsmen-Other,Farmer/Farm_Manager,nonintact,black,0,0
1020,Craftsmen-Other,Farm_Laborer,nonintact,black,0,0
1021,Craftsman-Construction,Professional_Self-Employed,nonintact,black,0,0
1022,Craftsman-Construction,Professional-Salaried,nonintact,black,1.1,1
1023,Craftsman-Construction,Manager,nonintact,black,0.4,1.4
1024,Craftsman-Construction,Salesman-Nonretail,nonintact,black,0,0
1025,Craftsman-Construction,Proprietor,nonintact,black,0,0.4
1026,Craftsman-Construction,Clerk,nonintact,black,0,0.5
1027,Craftsman-Construction,Salesman-Retail,nonintact,black,0,0
1028,Craftsman-Construction,Craftsman-Manufacturing,nonintact,black,0,0.3
1029,Craftsman-Construction,Craftsmen-Other,nonintact,black,0.3,0.7
1030,Craftsman-Construction,Craftsman-Construction,nonintact,black,0.5,0
1031,Craftsman-Construction,Service_Worker,nonintact,black,1.6,2.2
1032,Craftsman-Construction,Operative-Nonmanufacturing,nonintact,black,1.9,0.7
1033,Craftsman-Construction,Operative-Manufacturing,nonintact,black,2.1,2
1034,Craftsman-Construction,Laborer-Manufacturing,nonintact,black,0.5,0
1035,Craftsman-Construction,Laborer-Nonmanufacturing,nonintact,black,1.6,1.1
1036,Craftsman-Construction,Farmer/Farm_Manager,nonintact,black,0,0
1037,Craftsman-Construction,Farm_Laborer,nonintact,black,0,0
1038,Service_Worker,Professional_Self-Employed,nonintact,black,0,1.7
1039,Service_Worker,Professional-Salaried,nonintact,black,6.3,12.7
1040,Service_Worker,Manager,nonintact,black,1.7,6.2
1041,Service_Worker,Salesman-Nonretail,nonintact,black,1.4,0
1042,Service_Worker,Proprietor,nonintact,black,0,2
1043,Service_Worker,Clerk,nonintact,black,17.8,16.8
1044,Service_Worker,Salesman-Retail,nonintact,black,3.2,2.3
1045,Service_Worker,Craftsman-Manufacturing,nonintact,black,7.5,10.5
1046,Service_Worker,Craftsmen-Other,nonintact,black,4.4,10
1047,Service_Worker,Craftsman-Construction,nonintact,black,4.9,8.4
1048,Service_Worker,Service_Worker,nonintact,black,44.8,35.6
1049,Service_Worker,Operative-Nonmanufacturing,nonintact,black,25.6,25.5
1050,Service_Worker,Operative-Manufacturing,nonintact,black,38.4,35.9
1051,Service_Worker,Laborer-Manufacturing,nonintact,black,12.9,6.3
1052,Service_Worker,Laborer-Nonmanufacturing,nonintact,black,25.3,21.3
1053,Service_Worker,Farmer/Farm_Manager,nonintact,black,0.7,0
1054,Service_Worker,Farm_Laborer,nonintact,black,7.6,1.5
1055,Operative-Nonmanufacturing,Professional_Self-Employed,nonintact,black,0,0
1056,Operative-Nonmanufacturing,Professional-Salaried,nonintact,black,2.4,3.5
1057,Operative-Nonmanufacturing,Manager,nonintact,black,1.8,2.8
1058,Operative-Nonmanufacturing,Salesman-Nonretail,nonintact,black,0,0.5
1059,Operative-Nonmanufacturing,Proprietor,nonintact,black,0,0
1060,Operative-Nonmanufacturing,Clerk,nonintact,black,3.2,2.9
1061,Operative-Nonmanufacturing,Salesman-Retail,nonintact,black,1,0.6
1062,Operative-Nonmanufacturing,Craftsman-Manufacturing,nonintact,black,0.6,1.6
1063,Operative-Nonmanufacturing,Craftsmen-Other,nonintact,black,0.7,3.4
1064,Operative-Nonmanufacturing,Craftsman-Construction,nonintact,black,0.9,1.1
1065,Operative-Nonmanufacturing,Service_Worker,nonintact,black,4.9,3.5
1066,Operative-Nonmanufacturing,Operative-Nonmanufacturing,nonintact,black,9,5.1
1067,Operative-Nonmanufacturing,Operative-Manufacturing,nonintact,black,5.3,11.3
1068,Operative-Nonmanufacturing,Laborer-Manufacturing,nonintact,black,0.9,1
1069,Operative-Nonmanufacturing,Laborer-Nonmanufacturing,nonintact,black,7,4.8
1070,Operative-Nonmanufacturing,Farmer/Farm_Manager,nonintact,black,1,0
1071,Operative-Nonmanufacturing,Farm_Laborer,nonintact,black,0.8,0.5
1072,Operative-Manufacturing,Professional_Self-Employed,nonintact,black,0,0.9
1073,Operative-Manufacturing,Professional-Salaried,nonintact,black,2.3,2.4
1074,Operative-Manufacturing,Manager,nonintact,black,0.6,1.6
1075,Operative-Manufacturing,Salesman-Nonretail,nonintact,black,0,0.7
1076,Operative-Manufacturing,Proprietor,nonintact,black,0,0.5
1077,Operative-Manufacturing,Clerk,nonintact,black,1.3,3.5
1078,Operative-Manufacturing,Salesman-Retail,nonintact,black,0,0
1079,Operative-Manufacturing,Craftsman-Manufacturing,nonintact,black,0.5,1.6
1080,Operative-Manufacturing,Craftsmen-Other,nonintact,black,0,1.3
1081,Operative-Manufacturing,Craftsman-Construction,nonintact,black,0.5,2.2
1082,Operative-Manufacturing,Service_Worker,nonintact,black,5.2,2.4
1083,Operative-Manufacturing,Operative-Nonmanufacturing,nonintact,black,3.3,4.3
1084,Operative-Manufacturing,Operative-Manufacturing,nonintact,black,7,7
1085,Operative-Manufacturing,Laborer-Manufacturing,nonintact,black,6.2,2
1086,Operative-Manufacturing,Laborer-Nonmanufacturing,nonintact,black,5.2,3.2
1087,Operative-Manufacturing,Farmer/Farm_Manager,nonintact,black,0,0
1088,Operative-Manufacturing,Farm_Laborer,nonintact,black,0.5,0
1089,Laborer-Manufacturing,Professional_Self-Employed,nonintact,black,0,0
1090,Laborer-Manufacturing,Professional-Salaried,nonintact,black,0,0
1091,Laborer-Manufacturing,Manager,nonintact,black,0,0
1092,Laborer-Manufacturing,Salesman-Nonretail,nonintact,black,0.5,0
1093,Laborer-Manufacturing,Proprietor,nonintact,black,0,0.5
1094,Laborer-Manufacturing,Clerk,nonintact,black,1.8,0.9
1095,Laborer-Manufacturing,Salesman-Retail,nonintact,black,0,0
1096,Laborer-Manufacturing,Craftsman-Manufacturing,nonintact,black,0,2.3
1097,Laborer-Manufacturing,Craftsmen-Other,nonintact,black,0,0.4
1098,Laborer-Manufacturing,Craftsman-Construction,nonintact,black,0,0
1099,Laborer-Manufacturing,Service_Worker,nonintact,black,1,0.8
1100,Laborer-Manufacturing,Operative-Nonmanufacturing,nonintact,black,1.8,1
1101,Laborer-Manufacturing,Operative-Manufacturing,nonintact,black,3.4,2.4
1102,Laborer-Manufacturing,Laborer-Manufacturing,nonintact,black,1,1
1103,Laborer-Manufacturing,Laborer-Nonmanufacturing,nonintact,black,0.9,1.2
1104,Laborer-Manufacturing,Farmer/Farm_Manager,nonintact,black,0,0
1105,Laborer-Manufacturing,Farm_Laborer,nonintact,black,0.5,0
1106,Laborer-Nonmanufacturing,Professional_Self-Employed,nonintact,black,0,0
1107,Laborer-Nonmanufacturing,Professional-Salaried,nonintact,black,0.8,0
1108,Laborer-Nonmanufacturing,Manager,nonintact,black,0,0.5
1109,Laborer-Nonmanufacturing,Salesman-Nonretail,nonintact,black,0,0.6
1110,Laborer-Nonmanufacturing,Proprietor,nonintact,black,0,0.5
1111,Laborer-Nonmanufacturing,Clerk,nonintact,black,3.1,2.1
1112,Laborer-Nonmanufacturing,Salesman-Retail,nonintact,black,0.6,0.9
1113,Laborer-Nonmanufacturing,Craftsman-Manufacturing,nonintact,black,0,0.9
1114,Laborer-Nonmanufacturing,Craftsmen-Other,nonintact,black,1.4,2.4
1115,Laborer-Nonmanufacturing,Craftsman-Construction,nonintact,black,0.5,1.8
1116,Laborer-Nonmanufacturing,Service_Worker,nonintact,black,7,6.5
1117,Laborer-Nonmanufacturing,Operative-Nonmanufacturing,nonintact,black,4.9,7.2
1118,Laborer-Nonmanufacturing,Operative-Manufacturing,nonintact,black,5.9,7.1
1119,Laborer-Nonmanufacturing,Laborer-Manufacturing,nonintact,black,1.9,0.5
1120,Laborer-Nonmanufacturing,Laborer-Nonmanufacturing,nonintact,black,6.2,1.9
1121,Laborer-Nonmanufacturing,Farmer/Farm_Manager,nonintact,black,0,0
1122,Laborer-Nonmanufacturing,Farm_Laborer,nonintact,black,1.3,1.1
1123,Farmer/Farm_Manager,Professional_Self-Employed,nonintact,black,0.3,0
1124,Farmer/Farm_Manager,Professional-Salaried,nonintact,black,3.7,3.3
1125,Farmer/Farm_Manager,Manager,nonintact,black,0,1
1126,Farmer/Farm_Manager,Salesman-Nonretail,nonintact,black,0,0
1127,Farmer/Farm_Manager,Proprietor,nonintact,black,0,1.5
1128,Farmer/Farm_Manager,Clerk,nonintact,black,0.8,5.6
1129,Farmer/Farm_Manager,Salesman-Retail,nonintact,black,1.4,0
1130,Farmer/Farm_Manager,Craftsman-Manufacturing,nonintact,black,2.2,3.7
1131,Farmer/Farm_Manager,Craftsmen-Other,nonintact,black,2.7,5.3
1132,Farmer/Farm_Manager,Craftsman-Construction,nonintact,black,1.2,3.9
1133,Farmer/Farm_Manager,Service_Worker,nonintact,black,7.3,10
1134,Farmer/Farm_Manager,Operative-Nonmanufacturing,nonintact,black,11.9,7.7
1135,Farmer/Farm_Manager,Operative-Manufacturing,nonintact,black,9.5,25.7
1136,Farmer/Farm_Manager,Laborer-Manufacturing,nonintact,black,9.5,5.8
1137,Farmer/Farm_Manager,Laborer-Nonmanufacturing,nonintact,black,13.9,11.3
1138,Farmer/Farm_Manager,Farmer/Farm_Manager,nonintact,black,7.2,0.8
1139,Farmer/Farm_Manager,Farm_Laborer,nonintact,black,28.8,8.2
1140,Farm_Laborer,Professional_Self-Employed,nonintact,black,0,0
1141,Farm_Laborer,Professional-Salaried,nonintact,black,1.9,2
1142,Farm_Laborer,Manager,nonintact,black,0,0.8
1143,Farm_Laborer,Salesman-Nonretail,nonintact,black,0,0
1144,Farm_Laborer,Proprietor,nonintact,black,1.4,0.4
1145,Farm_Laborer,Clerk,nonintact,black,2.9,3.3
1146,Farm_Laborer,Salesman-Retail,nonintact,black,0,0
1147,Farm_Laborer,Craftsman-Manufacturing,nonintact,black,1,3.3
1148,Farm_Laborer,Craftsmen-Other,nonintact,black,1,4.2
1149,Farm_Laborer,Craftsman-Construction,nonintact,black,0,4.3
1150,Farm_Laborer,Service_Worker,nonintact,black,4.6,10
1151,Farm_Laborer,Operative-Nonmanufacturing,nonintact,black,8.5,8.4
1152,Farm_Laborer,Operative-Manufacturing,nonintact,black,6.7,11.6
1153,Farm_Laborer,Laborer-Manufacturing,nonintact,black,4,2.9
1154,Farm_Laborer,Laborer-Nonmanufacturing,nonintact,black,8.5,10.9
1155,Farm_Laborer,Farmer/Farm_Manager,nonintact,black,1.7,0.3
1156,Farm_Laborer,Farm_Laborer,nonintact,black,30.4,5.6